model,precision,recall,f1,best_threshold,best_f1
heuristic_combined,0.6802922590837283,0.6805610430659819,0.6804266245309105,,
heuristic_random,0.5157786885245902,0.49723429474516,0.5063367531683766,,
heuristic_auto,0.6528497409326425,0.6471750296325564,0.65,,
heuristic_teleop,0.6754731861198738,0.6768075859344133,0.6761397276494967,,
heuristic_endgame,0.4948054593603585,0.47984986171473726,0.48721291746063583,,
heuristic_total,0.6801819620253164,0.6793757408139075,0.679778612373987,,
heuristic_winrate,0.6628810520023909,0.6572500987751877,0.6600535661144727,,
knn,0.5965964030168246,0.6094429079415251,0.6029512361966188,0.01,0.6837284106006573
random_forest,0.6989310009718173,0.7103911497431845,0.704614480258646,0.3547236180904523,0.738759625734868
log_reg,0.7043144774688399,0.7256025286448045,0.7148000389218644,0.36457286432160807,0.7429982123095258
