model,precision,recall,f1,best_threshold,best_f1
heuristic_combined,0.6802922590837283,0.6805610430659819,0.6804266245309105,,
heuristic_random,0.5071266267300144,0.4849861714737258,0.49580935070180754,,
heuristic_auto,0.6528497409326425,0.6471750296325564,0.65,,
heuristic_teleop,0.6754731861198738,0.6768075859344133,0.6761397276494967,,
heuristic_endgame,0.4948054593603585,0.47984986171473726,0.48721291746063583,,
heuristic_total,0.6801819620253164,0.6793757408139075,0.679778612373987,,
heuristic_winrate,0.6628810520023909,0.6572500987751877,0.6600535661144727,,
knn,0.5678592844293424,0.561240616357171,0.5645305514157973,0.01,0.6787048567870486
random_forest,0.7076114463694764,0.7180956143816674,0.7128149818609668,0.3990452261306533,0.7395744680851064
log_reg,0.705123339658444,0.7340971947846701,0.7193186217576462,0.3497989949748744,0.7462911742519487
