model,precision,recall,f1,best_threshold,best_f1
heuristic_combined,0.6715640691835596,0.7133544053733702,0.6918287192259795,,
heuristic_random,0.5186335403726708,0.49486369024101146,0.5064698746461788,,
heuristic_auto,0.6528497409326425,0.6471750296325564,0.65,,
heuristic_teleop,0.6754731861198738,0.6768075859344133,0.6761397276494967,,
heuristic_total,0.6801819620253164,0.6793757408139075,0.679778612373987,,
heuristic_winrate,0.6628810520023909,0.6572500987751877,0.6600535661144727,,
knn,0.6708185053380783,0.6702884235480048,0.6705533596837945,0.2020603015075377,0.705324459234609
random_forest,0.7029664324746292,0.7115764519952588,0.7072452385627331,0.3891959798994975,0.7368240930869268
log_reg,0.703953712632594,0.721058870011853,0.7124036303308285,0.3448743718592965,0.7420844881162342
