model,precision,recall,f1,best_threshold,best_f1,best_accuracy
heuristic_combined,0.6802922590837283,0.6805610430659819,0.6804266245309105,,,
heuristic_random,0.520242914979757,0.5077044646384828,0.5138972205558888,,,
heuristic_auto,0.6528497409326425,0.6471750296325564,0.65,,,
heuristic_teleop,0.6754731861198738,0.6768075859344133,0.6761397276494967,,,
heuristic_endgame,0.4948054593603585,0.47984986171473726,0.48721291746063583,,,
heuristic_total,0.6801819620253164,0.6793757408139075,0.679778612373987,,,
heuristic_winrate,0.6628810520023909,0.6572500987751877,0.6600535661144727,,,
knn,0.5653397667872939,0.5555116554721454,0.5603826225587883,0.01,0.677437248647899,0.5254029789838809
random_forest,0.7035474592521572,0.7248123271434216,0.7140216016347183,0.36949748743718597,0.7417404984681626,0.6817996327280147
log_reg,0.7039560855574484,0.7346898459107072,0.718994683421943,0.3596482412060302,0.7452008456659619,0.6926137522954499
