model,precision,recall,f1,best_threshold,best_f1
heuristic_combined,0.6715640691835596,0.7133544053733702,0.6918287192259795,,
heuristic_random,0.512170589418628,0.5029632556301857,0.5075251669490681,,
heuristic_auto,0.6528497409326425,0.6471750296325564,0.65,,
heuristic_teleop,0.6754731861198738,0.6768075859344133,0.6761397276494967,,
heuristic_total,0.6801819620253164,0.6793757408139075,0.679778612373987,,
heuristic_winrate,0.6628810520023909,0.6572500987751877,0.6600535661144727,,
knn,0.575047619047619,0.596404583168708,0.5855314197051978,0.01,0.6815141694821761
random_forest,0.7049084534476042,0.7149348083761359,0.7098862298940761,0.3793467336683417,0.7364633023683991
log_reg,0.7090140303670959,0.7287633346503358,0.7187530443253775,0.36949748743718597,0.7429990579772202
