model,precision,recall,f1,best_threshold,best_f1
heuristic_combined,0.6832122679580307,0.6689055709205848,0.6759832301856658,,
heuristic_random,0.5221905537459284,0.5067167127617542,0.514337276919992,,
heuristic_auto,0.6528497409326425,0.6471750296325564,0.65,,
heuristic_teleop,0.6754731861198738,0.6768075859344133,0.6761397276494967,,
heuristic_endgame,0.4846754807692308,0.3186487554326353,0.3845053635280095,,
heuristic_total,0.6801819620253164,0.6793757408139075,0.679778612373987,,
heuristic_winrate,0.6628810520023909,0.6572500987751877,0.6600535661144727,,
knn,0.6326688600735436,0.6457921770051364,0.6391631635545997,0.01,0.6924175353419962
random_forest,0.675365141187926,0.6851047016989332,0.6802000588408356,0.3596482412060302,0.7185539782106306
log_reg,0.6818888457054022,0.6932042670881075,0.6875,0.31040201005025125,0.7202318653892601
