model,precision,recall,f1,best_threshold,best_f1
heuristic_combined,0.6715640691835596,0.7133544053733702,0.6918287192259795,,
heuristic_random,0.5200729927007299,0.5067167127617542,0.5133079847908745,,
heuristic_auto,0.6528497409326425,0.6471750296325564,0.65,,
heuristic_teleop,0.6754731861198738,0.6768075859344133,0.6761397276494967,,
heuristic_total,0.6801819620253164,0.6793757408139075,0.679778612373987,,
heuristic_winrate,0.6628810520023909,0.6572500987751877,0.6600535661144727,,
knn,0.5611553784860558,0.5564994073488739,0.5588176949018052,0.01,0.6754912099276111
random_forest,0.7037608486017358,0.7208613196365073,0.7122084512540255,0.36457286432160807,0.7379540099130576
log_reg,0.7077712331369941,0.7358751481627815,0.7215496368038741,0.3596482412060302,0.7464527027027027
