week,knn_acc,random_forest_acc,log_reg_acc,cumulative_accuracy,runtime_sec
0,0.5483870967741935,0.6451612903225806,0.5806451612903226,0.5913978494623656,263.32615542411804
1,0.6476802939825448,0.6812126779972439,0.6991272393201654,0.6748188405797102,185.38880038261414
2,0.6374471357170319,0.669357939254133,0.6851211072664359,0.668954044499896,204.47993755340576
3,0.5946111451316595,0.6876913655848133,0.6959583588487447,0.6650980392156862,204.8686077594757
4,0.6379415347137637,0.6890986601705238,0.7128501827040195,0.6693957801449658,210.70936608314514
5,0.6450020567667627,0.7280954339777869,0.7301522007404361,0.6749818709209572,212.7383918762207
6,0.63306177868296,0.6911065852002716,0.7006109979633401,0.6749721159974506,350.92732787132263
7,0.6205083260297984,0.6722173531989483,0.7002629272567923,0.674292853014115,316.0892322063446
